98;animearcade_fla.backtransition_2
92;Bitmap12
91;Bitmap49
90;Bitmap9
89;aneheBitmap1
88;Bitmap42
87;Bitmap43
86;Bitmap44
85;Bitmap45
84;Bitmap46
83;Bitmap1
82;Bitmap47
81;Bitmap50
80;Bitmap48
79;Bitmap51
78;Bitmap13
77;Bitmap14
76;Bitmap15
75;Bitmap41
74;Bitmap40
73;Bitmap16
72;Bitmap17
71;Bitmap18
70;Bitmap19
69;Bitmap2
68;Bitmap1fgg
67;Bitmap2e3
66;Bitmap354f
65;Bitmap4g4g
64;Bitmap5f4
63;Bitmap6e4
62;Bitmap7g5
61;Bitmap8h6
60;Bitmap20
59;Bitmap21
58;Bitmap3
57;Bitmap22
56;Bitmap23
55;Bitmap24
54;Bitmap25
53;Bitmap26
52;Bitmap27
51;Bitmap29
50;Bitmap7z
49;Bitmap30
48;Bitmap28
47;Bitmap31
46;Bitmap11
45;Bitmap6
44;Bitmap6vv
43;Bitmap38
42;Bitmap35
41;Bitmap37
40;Bitmap33
39;Bitmap36
38;Bitmap32
37;Bitmap34
36;Bitmap39
35;Bitmap1v
34;Bitmap8
33;Bitmap7
32;Bitmap10
31;Bitmap1fsef
30;Bitmap4
29;Bitmap5
28;victoryx
27;loserx
26;hurt
25;hurt3
24;angelmusic
23;menumusic
22;lunimusic
21;bunnymusic
20;clickxx
19;dbljumpx
18;flap
17;heartx
16;hurt2
15;jumpx
14;kiliosmusic
13;kinenmusic
12;lilithmusic
11;meepmusic
10;naomimusic
9;nekomusic
8;odamusic
7;pointz
6;slidex
5;sylphmusic
4;tickx
3;victoryx2
2;xx1
1;xx5
0;animearcade_fla.MainTimeline
152;animearcade_fla.fadee_23
452;animearcade_fla.agachaworld_97
445;animearcade_fla.optionsopen_74
439;animearcade_fla.selecllted_95
436;animearcade_fla.looocked_94
371;animearcade_fla.resetdata_87
360;animearcade_fla.creditslist_80
325;animearcade_fla.sfxonoff_76
322;animearcade_fla.bgmonoff_75
314;animearcade_fla.latestnews_55
313;animearcade_fla.animegachanewsx_57
297;animearcade_fla.morenewsbt_71
238;animearcade_fla.arcadepl_53
233;animearcade_fla.arcadebt_52
224;animearcade_fla.uibtt_49
197;animearcade_fla.colorzd_42
186;animearcade_fla.animatefeat_35
185;animearcade_fla.featuredgames_36
172;animearcade_fla.wpmovin_28
171;animearcade_fla.allwp_29
481;animearcade_fla.buything_100
978;animearcade_fla.nextprevturn_306
974;animearcade_fla.maingamespages_110
886;animearcade_fla.Dreadbunnyhed_270
538;animearcade_fla.selectdif_128
1116;animearcade_fla.gameover_333
1110;animearcade_fla.gaveoverscreen_334
1097;animearcade_fla.Preparation_329
1093;animearcade_fla.stagestut_332
1060;animearcade_fla.modez_331
1051;animearcade_fla.countdownanimation_324
1046;animearcade_fla.pausemenu_317
1004;animearcade_fla.row_311
1003;animearcade_fla.tilemc_312
1151;animearcade_fla.hewarts_355
1122;animearcade_fla.clouuds_338
1186;animearcade_fla.feveranimation_367
1175;animearcade_fla.glowmid_362
1169;animearcade_fla.tapbutton_358
1254;animearcade_fla.animatedhands_390
1234;animearcade_fla.choices_385
1221;animearcade_fla.rockps_383
1284;animearcade_fla.studenthole_398
1273;animearcade_fla.allstudents_399
1300;animearcade_fla.targetx_403
1351;animearcade_fla.feisjgz_424
1350;animearcade_fla.oisgeiojgrf_425
1333;animearcade_fla.jumpbtvf_420
1320;animearcade_fla.characterbbf_416
1313;animearcade_fla.randomplataa_412
1410;animearcade_fla.rabbitlose_450
1409;animearcade_fla.bunnyjumpx_449
1408;animearcade_fla.bunnyrunx_448
1404;animearcade_fla.bunnyhedx_445
1383;animearcade_fla.jumpbt_434
1366;animearcade_fla.Hoops_429
1363;animearcade_fla.rings_430
1516;animearcade_fla.boostanimation_504
1515;animearcade_fla.boostationon_506
1503;animearcade_fla.malev_487
1480;animearcade_fla.btthing_485
1477;animearcade_fla.groooundz_454
1531;animearcade_fla.AngelFFemale2_507
